id,first_name,last_name,username,password,created_at,updated_at,password_digest
1,Santiago,Anderson,zandra,,2021-12-10 00:59:31 UTC,2021-12-10 00:59:31 UTC,$2a$12$XNeiX9rFEfIwpNeGNZkI2uy/X/dy2A4tMapHJL16025Jptj9Bz0UK
2,Monte,Berge,roberto_boyle,,2021-12-10 00:59:32 UTC,2021-12-10 00:59:32 UTC,$2a$12$FrYqJheJo4aV6dNhgpO.P.QEyeUKZo7dN357pSx1fyPDBrprhvmZm
3,Silas,Renner,elias,,2021-12-10 00:59:32 UTC,2021-12-10 00:59:32 UTC,$2a$12$d5sCkqVlzQVXsSrQNfi5bu4t8TCnFZ0erfq2CZtgjfaUQIzw71fyK
4,Herschel,Littel,anita,,2021-12-10 00:59:32 UTC,2021-12-10 00:59:32 UTC,$2a$12$QUAlyjdepo3Bwd0qNvRipOOHr1xH04C8eNWmL17X3F2hfQnPTr6wm
5,Nydia,Torp,iris,,2021-12-10 00:59:32 UTC,2021-12-10 00:59:32 UTC,$2a$12$Ih.cO5Bv7M0/0Ly0te5I9.xGnE5V2vjZI4xYM7yi/Z2QHZZC5i5sa
6,Ada,Stehr,ileen.murazik,,2021-12-10 00:59:32 UTC,2021-12-10 00:59:32 UTC,$2a$12$BdIzk5YOxyV8ZP93o0sfoeajLty/u5P/Tux8.hBXnk7oXmjP.4cHy
7,Georgeann,Bogisich,marybelle_hilpert,,2021-12-10 00:59:33 UTC,2021-12-10 00:59:33 UTC,$2a$12$tpTzUwqbftAjlUG3hRF5bunCYW28XkZ9DwxqOMwJd7ch9XqHe/xru
8,Moises,Little,leonard_grady,,2021-12-10 00:59:33 UTC,2021-12-10 00:59:33 UTC,$2a$12$t9OKj/uHm1HOuZZnSf2Lz.RbKusPpNJv9fwlTZOHe23n4biHtFZGy
9,Christina,Bashirian,virgilio_wunsch,,2021-12-10 00:59:33 UTC,2021-12-10 00:59:33 UTC,$2a$12$m3o7F25.qDLIzL3XRt6rUuMpOiZN0js91NkPlNJvu6EBu6dH2sWAC
10,Camie,Barton,lula.kuhn,,2021-12-10 00:59:33 UTC,2021-12-10 00:59:33 UTC,$2a$12$e.0g8ndpVY6mUQHj/uOqoeJlEYdvALaYu.nzAPJjYSD8cJJCWW2vW
11,Kristopher,Wisoky,george,,2021-12-10 00:59:33 UTC,2021-12-10 00:59:33 UTC,$2a$12$aNXzOCVQaMZ9pFeEc3sXruQy8RRDRKyxmPAfKUT9./VI/dJpfu/MS
12,Hien,Crooks,sherwood,,2021-12-10 00:59:34 UTC,2021-12-10 00:59:34 UTC,$2a$12$NfkevNnxAWYzAgSW4d.4WuSLCZrh4Qfyn5ID58CA8vFmzYW7pLN66
13,Barrett,Rath,casey_turcotte,,2021-12-10 00:59:34 UTC,2021-12-10 00:59:34 UTC,$2a$12$7svb7JvhvtYzA8AS.ZJvRuMT.9E17pW.KR5p1yAv7AjM5xSo.Xkv6
14,Marline,Huels,reda,,2021-12-10 00:59:34 UTC,2021-12-10 00:59:34 UTC,$2a$12$VzqcntubXhU1hsqRbw9t6.qR81MuSVUz7pQ4bshh62CBvt3cJGRfm
15,Aron,Haag,shonta_dare,,2021-12-10 00:59:34 UTC,2021-12-10 00:59:34 UTC,$2a$12$WIQXoL/DoCF9nOCbgbl6p.d1iQMyujIX/2VEQUXq5LlzQxc7bpzsO
16,Rolando,Kerluke,thanh,,2021-12-10 00:59:34 UTC,2021-12-10 00:59:34 UTC,$2a$12$DeAdMzEucbvVcScdGrAAWeGsTUDDlggfffr48ZpcOz4xvPDPDZZtW
17,Arron,Sipes,branden.collier,,2021-12-10 00:59:35 UTC,2021-12-10 00:59:35 UTC,$2a$12$tEWXhhOL3.j.tyKRek/kD.XdzcM4zf...tJFfh8YvlCJ7sVro5W0q
18,Mitchell,White,lashell_ferry,,2021-12-10 00:59:35 UTC,2021-12-10 00:59:35 UTC,$2a$12$WmBFI2YKQVBgrhWRiJYrTu6mtT3DrDOrbnZraH9xUbzf/0GIrmdNq
19,Yanira,Jenkins,josefina.abbott,,2021-12-10 00:59:35 UTC,2021-12-10 00:59:35 UTC,$2a$12$kSSQlaMWb5j0g4d6PdatoeMtTFODQnh3/c9hkrcUhV.J1tpEX.PDi
20,Lizzie,Konopelski,zada_carroll,,2021-12-10 00:59:35 UTC,2021-12-10 00:59:35 UTC,$2a$12$e0UeRJY5THBnFmw0ZyPVUuBKPew5eEU5Q2hR8duOMcT.PSK3qPcsi
21,Akiko,Bins,carl.leffler,,2021-12-10 00:59:35 UTC,2021-12-10 00:59:35 UTC,$2a$12$WpdAbKkBDWP1KW3HaZqzvuingVNU3sfmLsSya8aHNyrHjwo6jk2yC
22,Deidre,Walter,armand,,2021-12-10 00:59:36 UTC,2021-12-10 00:59:36 UTC,$2a$12$OkjTayKhzWTP5xK3/wJ43OQyrwUUdyk8.y80uEEKNV4QNOrUiGdAe
23,Gema,Reilly,maye.kunde,,2021-12-10 00:59:36 UTC,2021-12-10 00:59:36 UTC,$2a$12$BOwL41odhEcQdXgVcL8ofOoJCkO/Olfq3VOQmLbIXM3MGeqxc/tjC
24,Tempie,Frami,jerry,,2021-12-10 00:59:36 UTC,2021-12-10 00:59:36 UTC,$2a$12$MDOF2xzwNQKOttz0JaV9P.Sf1Rm.Hz47s8ZH6w.urfQdu4EE0eM26
25,Latasha,Auer,tristan_dach,,2021-12-10 00:59:36 UTC,2021-12-10 00:59:36 UTC,$2a$12$bxxiDFVAigo8BJbXxOQc0OPxlfK/Q2FiUATJofjsJbQy4HnzaEhVO
26,Allena,Waelchi,verla,,2021-12-10 00:59:36 UTC,2021-12-10 00:59:36 UTC,$2a$12$5T5K9fM0xLWYxHV79E5rDObCDOmrwvQQjdoWuNzSQboBgVkirU/Ju
27,Odette,Beahan,monty.kerluke,,2021-12-10 00:59:37 UTC,2021-12-10 00:59:37 UTC,$2a$12$oWhbVN2Z/txTLYDTYPdVDu70HwnJP.v2TN7jNunECyHoawrHWdk8u
28,Olympia,Rodriguez,emerita_buckridge,,2021-12-10 00:59:37 UTC,2021-12-10 00:59:37 UTC,$2a$12$RCHWomOhyu2gAGWxpUvi/.N3zbeVFlBmvwRrCvEqxiwVJfzwT/cmO
29,Wallace,Corkery,stefania_turner,,2021-12-10 00:59:37 UTC,2021-12-10 00:59:37 UTC,$2a$12$3bglpKjmPU01kloSPxodge3A8mHW3X3t35vHUpkWc7d0O3Oi1qhu6
30,Quinton,Fay,cleotilde,,2021-12-10 00:59:37 UTC,2021-12-10 00:59:37 UTC,$2a$12$mpjyCFvWsZoDIyfE1O27MOTmt9Ei6407ZFFWYZ0HgJMwz8IQxZNqC
31,c,c,cc,,2021-12-10 23:29:00 UTC,2021-12-10 23:29:00 UTC,$2a$12$fkB6RiT90KdfJZi0YL54Z.0woArbmDSWkOKNbTRiEwTiddL9VPdPa
